id,import_date,name_original,name_new,iptv_epg_id_original,iptv_epg_id_new,iptv_group_original,iptv_group_new,FHD,iptv_url,activo
1,2025-07-30 22:47:16.997,24 HORAS HD --> NEW ERA,,24 Horas,,MOVISTAR,,0,http://127.0.0.1:6878/ace/getstream?id=cc5ed178702605513cd18b4899c4be954d306cca,0
2,2025-07-30 22:47:16.997,ARAGON TV HD --> NEW ERA,,Aragn TV,,MOVISTAR,,0,http://127.0.0.1:6878/ace/getstream?id=ba4597903f099695e7d6bcc5938f91cb0798006b,0
3,2025-07-30 22:47:16.997,CANAL COCINA FHD --> NEW ERA VI,,Canal Cocina,,MOVISTAR,,1,http://127.0.0.1:6878/ace/getstream?id=db81615f1b2eebaf584edc252ddd73883123fbb3,0
4,2025-07-30 22:47:16.997,CAZA Y PESCA FHD --> NEW ERA VI,,Caza y Pesca HD,,MOVISTAR,,1,http://127.0.0.1:6878/ace/getstream?id=6f28b1b9eb9f4047a6179b300e65b03c8316e10f,0
5,2025-07-30 22:47:16.997,DECASA FHD --> NEW ERA VI,,Decasa,,MOVISTAR,,1,http://127.0.0.1:6878/ace/getstream?id=4869e4c131cb3478cc375944c7cc68d1bb8e9dc4,0
6,2025-07-30 22:47:16.997,DISCOVERY CHANNEL FHD --> NEW ERA II,,Discovery,,MOVISTAR,,1,http://127.0.0.1:6878/ace/getstream?id=c2858a94d2045e5dbb14e99323e90afe4e872266,0
7,2025-07-30 22:47:16.997,MOVISTAR ACCION FHD --> NEW ERA,,M+ Clsicos HD,,MOVISTAR,,1,http://127.0.0.1:6878/ace/getstream?id=102bcb79ca391e37ac1fc9ee77dc53440d0a59ce,0
8,2025-07-30 22:47:16.997,MOVISTAR ACCION FHD --> NEW ERA VI,,M+ Clsicos HD,,MOVISTAR,,1,http://127.0.0.1:6878/ace/getstream?id=93b2f5ede5cf2fa0cdb50419258c4f651aabfc42,0
9,2025-07-30 22:47:16.997,MOVISTAR CINE ESPAOL FHD --> NEW ERA VI,,M+ Cine Espaol,,MOVISTAR,,1,http://127.0.0.1:6878/ace/getstream?id=168ad4a958aa6daa26adeee9700ed0312618bd07,0
10,2025-07-30 22:47:16.997,MOVISTAR CLASICOS FHD --> NEW ERA,,M+ Clsicos HD,,MOVISTAR,,1,http://127.0.0.1:6878/ace/getstream?id=cf6ffdfa3c51268c0bd216da6b275fb866160c0c,0
11,2025-07-30 22:47:16.997,MOVISTAR CLASICOS FHD --> NEW ERA VI,,M+ Clsicos HD,,MOVISTAR,,1,http://127.0.0.1:6878/ace/getstream?id=095134586cd06e1488139842f1183b50b75f5fd1,0
12,2025-07-30 22:47:16.997,MOVISTAR COMEDIA FHD --> NEW ERA VI,,M+ Comedia HD,,MOVISTAR,,1,http://127.0.0.1:6878/ace/getstream?id=124aa6d58fd72a763ed0349c874551bd2504798f,0
13,2025-07-30 22:47:16.997,MOVISTAR DEPORTES FHD --> NEW ERA,M+ Deportes,M+ Deportes HD,M+ Deportes HD,MOVISTAR,MOVISTAR,1,http://127.0.0.1:6878/ace/getstream?id=ef9dcc4eaac36a0f608b52a31f8ab237859e071a,1
14,2025-07-30 22:47:16.997,MOVISTAR DEPORTES FHD --> NEW ERA,M+ Deportes,M+ Deportes HD,M+ Deportes HD,MOVISTAR,MOVISTAR,1,http://127.0.0.1:6878/ace/getstream?id=b5842718859345a596107ab8e6b24d7bfa2d617e,1
15,2025-07-30 22:47:16.997,MOVISTAR DEPORTES FHD --> NEW ERA,M+ Deportes,M+ Deportes HD,M+ Deportes HD,MOVISTAR,MOVISTAR,1,http://127.0.0.1:6878/ace/getstream?id=be02b9918b8fe7224cfa9af1e37856760f95b1b8,1
16,2025-07-30 22:47:16.997,MOVISTAR DEPORTES FHD --> NEW ERA VI,M+ Deportes,M+ Deportes HD,M+ Deportes HD,MOVISTAR,MOVISTAR,1,http://127.0.0.1:6878/ace/getstream?id=726911f8f1e51229b5e38846ac0d2c6db29a196e,1
17,2025-07-30 22:47:16.997,MOVISTAR DEPORTES --> ELCANO,M+ Deportes,M+ Deportes HD,M+ Deportes HD,MOVISTAR,MOVISTAR,0,http://127.0.0.1:6878/ace/getstream?id=55d4602cb22b0d8a33c10c2c2f42dae64a9e8895,1
18,2025-07-30 22:47:16.997,MOVISTAR DEPORTES --> ELCANO,M+ Deportes,M+ Deportes HD,M+ Deportes HD,MOVISTAR,MOVISTAR,0,http://127.0.0.1:6878/ace/getstream?id=3a74d9869b13e763476800740c6625e715a39879,1
19,2025-07-30 22:47:16.997,MOVISTAR DEPORTES FHD --> ELCANO,M+ Deportes,M+ Deportes HD,M+ Deportes HD,MOVISTAR,MOVISTAR,1,http://127.0.0.1:6878/ace/getstream?id=ebca4a63ce3bfda7b272964a1acc5227218184a4,1
20,2025-07-30 22:47:16.997,MOVISTAR DEPORTES SD --> ELCANO,M+ Deportes,M+ Deportes HD,M+ Deportes HD,MOVISTAR,MOVISTAR,0,http://127.0.0.1:6878/ace/getstream?id=2f3cfd199a49819cbd129689a840dc3d23ab93aa,1
21,2025-07-30 22:47:16.997,MOVISTAR DEPORTES HD --> NEW LOOP,M+ Deportes,M+ Deportes HD,M+ Deportes HD,MOVISTAR,MOVISTAR,0,http://127.0.0.1:6878/ace/getstream?id=acb510858f34c3c6fd5f79395b031abd6885c2b3,1
22,2025-07-30 22:47:16.997,MOVISTAR DEPORTES 2 FHD --> NEW ERA,M+ Deportes 2,M+ Deportes 2 HD,M+ Deportes 2 HD,MOVISTAR,MOVISTAR,1,http://127.0.0.1:6878/ace/getstream?id=edd06f11e1cef292a1d795e15207ef2f580e298c,1
23,2025-07-30 22:47:16.997,MOVISTAR DEPORTES 2 FHD --> NEW ERA VI,M+ Deportes 2,M+ Deportes 2 HD,M+ Deportes 2 HD,MOVISTAR,MOVISTAR,1,http://127.0.0.1:6878/ace/getstream?id=d22952b196d2979665a753141fbbfe029896dc21,1
24,2025-07-30 22:47:16.997,MOVISTAR DEPORTES 2 --> ELCANO,M+ Deportes 2,M+ Deportes 2 HD,M+ Deportes 2 HD,MOVISTAR,MOVISTAR,0,http://127.0.0.1:6878/ace/getstream?id=639c561dd57fa3fc91fde715caeb696c5efb7ce7,1
25,2025-07-30 22:47:16.997,MOVISTAR DEPORTES 2 FHD --> ELCANO,M+ Deportes 2,M+ Deportes 2 HD,M+ Deportes 2 HD,MOVISTAR,MOVISTAR,1,http://127.0.0.1:6878/ace/getstream?id=f0ee7a2b43c1df5ea9e4fac5bf876d5bef4372b0,1
26,2025-07-30 22:47:16.997,MOVISTAR DEPORTES 2 SD --> ELCANO,M+ Deportes 2,M+ Deportes 2 HD,M+ Deportes 2 HD,MOVISTAR,MOVISTAR,0,http://127.0.0.1:6878/ace/getstream?id=bfa01c11c5c6b7a616a516de4f2c769a89d26b25,1
27,2025-07-30 22:47:16.997,MOVISTAR DEPORTES 3 FHD --> NEW ERA,M+ Deportes 3,M+ Deportes 3,M+ Deportes 3,MOVISTAR,MOVISTAR,1,http://127.0.0.1:6878/ace/getstream?id=753d4b1f7c4ef43238b5cf23b05572b550a44eee,1
28,2025-07-30 22:47:16.997,MOVISTAR DEPORTES 3 FHD --> NEW ERA,M+ Deportes 3,M+ Deportes 3,M+ Deportes 3,MOVISTAR,MOVISTAR,1,http://127.0.0.1:6878/ace/getstream?id=03aa6a0c160d2ad74e9d6fb62c7f33e2e5e7233e,1
29,2025-07-30 22:47:16.997,MOVISTAR DEPORTES 3 FHD --> ELCANO,M+ Deportes 3,M+ Deportes 3,M+ Deportes 3,MOVISTAR,MOVISTAR,1,http://127.0.0.1:6878/ace/getstream?id=799c6b5ee1cf41af077d14e3f9c45a32697eb903,1
30,2025-07-30 22:47:16.997,MOVISTAR DEPORTES 3 SD --> ELCANO,M+ Deportes 3,M+ Deportes 3,M+ Deportes 3,MOVISTAR,MOVISTAR,0,http://127.0.0.1:6878/ace/getstream?id=2fd410c5d89e7a627cd3785685b7915b8e4bd534,1
31,2025-07-30 22:47:16.997,MOVISTAR DEPORTES 4 FHD --> NEW ERA,M+ Deportes 4,M+ Deportes 4,M+ Deportes 4,MOVISTAR,MOVISTAR,1,http://127.0.0.1:6878/ace/getstream?id=58a4c880ab18486d914751db32a12760e74b75a4,1
32,2025-07-30 22:47:16.997,MOVISTAR DEPORTES 4 FHD --> ELCANO,M+ Deportes 4,M+ Deportes 4,M+ Deportes 4,MOVISTAR,MOVISTAR,1,http://127.0.0.1:6878/ace/getstream?id=b40e1de2dcbd7c665f54877b14c830ed67b32a96,1
33,2025-07-30 22:47:16.997,MOVISTAR DEPORTES 5 HD --> NEW ERA,M+ Deportes 5,M+ Deportes 5,M+ Deportes 5,MOVISTAR,MOVISTAR,0,http://127.0.0.1:6878/ace/getstream?id=f6961e0dbf9b6ede4f5be93b72dc15533b4063d4,1
34,2025-07-30 22:47:16.997,MOVISTAR DEPORTES 5 --> ELCANO,M+ Deportes 5,M+ Deportes 5,M+ Deportes 5,MOVISTAR,MOVISTAR,0,http://127.0.0.1:6878/ace/getstream?id=fcc0fd75bf1dba40b108fcf0d3514e0e549bfbac,1
35,2025-07-30 22:47:16.997,MOVISTAR DEPORTES 5 FHD --> ELCANO,M+ Deportes 5,M+ Deportes 5,M+ Deportes 5,MOVISTAR,MOVISTAR,1,http://127.0.0.1:6878/ace/getstream?id=7b361369a40046ad3011086f9d4ae2982fb4d5aa,1
36,2025-07-30 22:47:16.997,MOVISTAR DEPORTES 6 --> ELCANO,M+ Deportes 6,M+ Deportes 6,M+ Deportes 6,MOVISTAR,MOVISTAR,0,http://127.0.0.1:6878/ace/getstream?id=cc5782d37ae6b6e0bab396dd64074982d0879046,1
37,2025-07-30 22:47:16.997,MOVISTAR DEPORTES 7 --> ELCANO,M+ Deportes 7,M+ Deportes 7,M+ Deportes 7,MOVISTAR,MOVISTAR,0,http://127.0.0.1:6878/ace/getstream?id=070f82d6443a52962d6a2ed9954c979b29404932,1
38,2025-07-30 22:47:16.997,MOVISTAR DOCUMENTALES FHD --> NEW ERA VI,,M+ Documentales HD,,MOVISTAR,,1,http://127.0.0.1:6878/ace/getstream?id=0ba40acc350bc1493cf576a125806bda86abe38b,0
39,2025-07-30 22:47:16.997,MOVISTAR DRAMA FHD --> NEW ERA VI,,M+ Drama HD,,MOVISTAR,,1,http://127.0.0.1:6878/ace/getstream?id=aff9d7e45c4fc0f97ec8ec2b6d80cd3feb87c983,0
40,2025-07-30 22:47:16.997,MOVISTAR ELLAS FHD --> NEW ERA,M+ Vamos Ellas,M+ Ellas Vamos HD,M+ Ellas Vamos HD,MOVISTAR,MOVISTAR,1,http://127.0.0.1:6878/ace/getstream?id=9b84af74b2fa3690c519199326fc2f181b025cdd,1
41,2025-07-30 22:47:16.997,MOVISTAR ELLAS --> ELCANO,M+ Vamos Ellas,M+ Ellas Vamos HD,M+ Ellas Vamos HD,MOVISTAR,MOVISTAR,0,http://127.0.0.1:6878/ace/getstream?id=d8c2ed470e847154a88f011137cc206319f6bed5,1
42,2025-07-30 22:47:16.997,MOVISTAR ESTRENOS FHD --> NEW ERA VI,,M+ Estrenos HD,,MOVISTAR,,1,http://127.0.0.1:6878/ace/getstream?id=b71478c824f787a6a696139db0d053de6fdd1d38,0
43,2025-07-30 22:47:16.997,MOVISTAR GOLF FHD --> NEW ERA,,M+ Golf HD,,MOVISTAR,,1,http://127.0.0.1:6878/ace/getstream?id=8546cff89e4ee8bf3ad31cf6457c3bc2c4341031,0
44,2025-07-30 22:47:16.997,MOVISTAR GOLF FHD --> NEW ERA VI,,M+ Golf HD,,MOVISTAR,,1,http://127.0.0.1:6878/ace/getstream?id=b3de2a3f2c178b9636c6a716768eee8c56ce106f,0
45,2025-07-30 22:47:16.997,MOVISTAR GOLF HD --> NEW LOOP,,M+ Golf HD,,MOVISTAR,,0,http://127.0.0.1:6878/ace/getstream?id=872608e734992db636eb79426802cd08f4029afb,0
46,2025-07-30 22:47:16.997,MOVISTAR GOLF 2 FHD --> NEW ERA,,M+ Golf 2 HD,,MOVISTAR,,1,http://127.0.0.1:6878/ace/getstream?id=96e82321c731e41768a806992ee4d3b9b7a0e7d7,0
47,2025-07-30 22:47:16.997,MOVISTAR HITS FHD --> NEW ERA VI,,M+ Hits HD,,MOVISTAR,,1,http://127.0.0.1:6878/ace/getstream?id=28b9b7ba12c0f5c7e097f4b07a547f6eda9a0695,0
48,2025-07-30 22:47:16.997,MOVISTAR INDIE FHD --> NEW ERA VI,,M+ Indie HD,,MOVISTAR,,1,http://127.0.0.1:6878/ace/getstream?id=4f35f115971f0b156baabb8efa9926b1eb8ba5af,0
49,2025-07-30 22:47:16.997,MOVISTAR LA RESISTENCIA FHD --> NEW ERA VI,,La Resistencia 24H,,MOVISTAR,,1,http://127.0.0.1:6878/ace/getstream?id=09b8bed9be1feadb4ef83e46d50dc51f763947a7,0
50,2025-07-30 22:47:16.997,MOVISTAR ORIGINALES FHD --> NEW ERA VI,,M+ Originales HD,,MOVISTAR,,1,http://127.0.0.1:6878/ace/getstream?id=60fcd59471ac4268e6cd6448f068a2b518841c88,0
51,2025-07-30 22:47:16.997,MOVISTAR PLUS FHD --> NEW ERA,Movistar Plus+,Movistar Plus+ HD,Movistar Plus+ HD,MOVISTAR,MOVISTAR,1,http://127.0.0.1:6878/ace/getstream?id=b2a4d1eba9b46df5f52a87105df779f9d39abeb4,1
52,2025-07-30 22:47:16.997,MOVISTAR PLUS FHD --> NEW ERA VI,Movistar Plus+,Movistar Plus+ HD,Movistar Plus+ HD,MOVISTAR,MOVISTAR,1,http://127.0.0.1:6878/ace/getstream?id=38287ff99db3590da7a2e077da1777d150167577,1
53,2025-07-30 22:47:16.997,MOVISTAR PLUS FHD --> NEW ERA VI,Movistar Plus+,Movistar Plus+ HD,Movistar Plus+ HD,MOVISTAR,MOVISTAR,1,http://127.0.0.1:6878/ace/getstream?id=a340c77b773a4a78a6c9aa25245a02698e05ac1a,1
54,2025-07-30 22:47:16.997,MOVISTAR PLUS --> ELCANO,Movistar Plus+,Movistar Plus+ HD,Movistar Plus+ HD,MOVISTAR,MOVISTAR,0,http://127.0.0.1:6878/ace/getstream?id=56ac8e227d526e722624675ccdd91b0cc850582f,1
55,2025-07-30 22:47:16.997,MOVISTAR PLUS FHD --> ELCANO,Movistar Plus+,Movistar Plus+ HD,Movistar Plus+ HD,MOVISTAR,MOVISTAR,1,http://127.0.0.1:6878/ace/getstream?id=1ab443f5b4beb6d586f19e8b25b9f9646cf2ab78,1
56,2025-07-30 22:47:16.997,MOVISTAR SERIES FHD --> NEW ERA,,M+ Hits HD,,MOVISTAR,,1,http://127.0.0.1:6878/ace/getstream?id=2752dee68a7faa9c847216dc22a6821661db891a,0
57,2025-07-30 22:47:16.997,MOVISTAR VACACIONES FHD --> NEW ERA VI,,,,MOVISTAR,,1,http://127.0.0.1:6878/ace/getstream?id=a0f71ac4897b2ccdf0114b5b3b7877902376a343,0
58,2025-07-30 22:47:16.997,MOVISTAR VAMOS FHD --> NEW ERA,M+ Vamos,M+ Vamos HD,M+ Vamos HD,MOVISTAR,MOVISTAR,1,http://127.0.0.1:6878/ace/getstream?id=3b2a8b41e7097c16b0468b42d7de0320886fa933,1
59,2025-07-30 22:47:16.997,MOVISTAR VAMOS FHD --> NEW ERA,M+ Vamos,M+ Vamos HD,M+ Vamos HD,MOVISTAR,MOVISTAR,1,http://127.0.0.1:6878/ace/getstream?id=2940120bf034db79a7f5849846ccea0255172eae,1
60,2025-07-30 22:47:16.997,MOVISTAR VAMOS FHD --> NEW ERA,M+ Vamos,M+ Vamos HD,M+ Vamos HD,MOVISTAR,MOVISTAR,1,http://127.0.0.1:6878/ace/getstream?id=57313e1ef438538df4feb5a6028dc78ee4f66b6a,1
61,2025-07-30 22:47:16.997,MOVISTAR VAMOS FHD --> NEW ERA VI,M+ Vamos,M+ Vamos HD,M+ Vamos HD,MOVISTAR,MOVISTAR,1,http://127.0.0.1:6878/ace/getstream?id=d1db428fd7902aac1e508bfc9e6cf254521b25f4,1
62,2025-07-30 22:47:16.997,MOVISTAR VAMOS --> ELCANO,M+ Vamos,M+ Vamos HD,M+ Vamos HD,MOVISTAR,MOVISTAR,0,http://127.0.0.1:6878/ace/getstream?id=d03c13b6723f66155d7a0df3692a3b073fe630f2,1
63,2025-07-30 22:47:16.997,MOVISTAR VAMOS --> ELCANO,M+ Vamos,M+ Vamos HD,M+ Vamos HD,MOVISTAR,MOVISTAR,0,http://127.0.0.1:6878/ace/getstream?id=12ba546d229bc39f01c3c18988a034b215fe6adb,1
64,2025-07-30 22:47:16.997,MOVISTAR VAMOS FHD --> ELCANO,M+ Vamos,M+ Vamos HD,M+ Vamos HD,MOVISTAR,MOVISTAR,1,http://127.0.0.1:6878/ace/getstream?id=c7c81acdd1a03ecc418c94c2f28e2adb0556c40b,1
65,2025-07-30 22:47:16.997,MOVISTAR VAMOS SD --> ELCANO,M+ Vamos,M+ Vamos HD,M+ Vamos HD,MOVISTAR,MOVISTAR,0,http://127.0.0.1:6878/ace/getstream?id=0e5d8c9724fa9163f49096b70484e315251eb785,1
66,2025-07-30 22:47:16.997,MOVISTAR WESTERN FHD --> NEW ERA VI,,,,MOVISTAR,,1,http://127.0.0.1:6878/ace/getstream?id=860dd021db341dbd02979eb8ea650d3f9d846765,0
67,2025-07-30 22:47:16.997,NATIONAL GEOGRAPHIC FHD --> NEW ERA VI,,National Geographic HD,,MOVISTAR,,1,http://127.0.0.1:6878/ace/getstream?id=55230a7a3cc4e8dfd3cecbfb2d68266aa4e5dfff,0
68,2025-07-30 22:47:16.997,NATIONAL GEOGRAPHIC FHD --> NEW ERA VI,,National Geographic HD,,MOVISTAR,,1,http://127.0.0.1:6878/ace/getstream?id=51d0b5249e229a07ecc52286f56a67c3d9df6d00,0
69,2025-07-30 22:47:16.997,ONETORO FHD --> NEW ERA VI,,Onetoro,,MOVISTAR,,1,http://127.0.0.1:6878/ace/getstream?id=1fd3dbb7d39de875ac70059d70c8768d4a2e43c0,0
70,2025-07-30 22:47:16.997,TVG EUROPA HD --> NEW ERA,,TVG Europa HD,,MOVISTAR,,0,http://127.0.0.1:6878/ace/getstream?id=d48b299bbcd811cfd14159224bf5012a305021c1,0
71,2025-07-30 22:47:16.997,DAZN LA LIGA 1 FHD --> NEW ERA VI,DAZN LaLiga,DAZN LaLiga HD,DAZN LaLiga HD,LA LIGA,LALIGA,1,http://127.0.0.1:6878/ace/getstream?id=4fa168d5401e4b2673100b237a976961b52cf621,1
72,2025-07-30 22:47:16.997,DAZN LA LIGA 1 FHD --> NEW ERA VI,DAZN LaLiga,DAZN LaLiga HD,DAZN LaLiga HD,LA LIGA,LALIGA,1,http://127.0.0.1:6878/ace/getstream?id=4e70d4f61c0854d89f34b5bedfe851e33a515d95,1
73,2025-07-30 22:47:16.997,DAZN LA LIGA 1 FHD --> ELCANO,DAZN LaLiga,DAZN LaLiga HD,DAZN LaLiga HD,LA LIGA,LALIGA,1,http://127.0.0.1:6878/ace/getstream?id=e2b8a4aba2f4ea3dd68992fcdb65c9e62d910b05,1
74,2025-07-30 22:47:16.997,DAZN LA LIGA 1 SD --> ELCANO,DAZN LaLiga,DAZN LaLiga HD,DAZN LaLiga HD,LA LIGA,LALIGA,0,http://127.0.0.1:6878/ace/getstream?id=4e6d9cf7d177366045d33cd8311d8b1d7f4bed1f,1
75,2025-07-30 22:47:16.997,DAZN LA LIGA 2 FHD --> NEW ERA,DAZN LaLiga 2,DAZN LaLiga 2 HD,DAZN LaLiga 2 HD,LA LIGA,LALIGA,1,http://127.0.0.1:6878/ace/getstream?id=635b61c1f240449163260cd914d10d886a54fee3,1
76,2025-07-30 22:47:16.997,DAZN LA LIGA 2 FHD --> NEW ERA VI,DAZN LaLiga 2,DAZN LaLiga 2 HD,DAZN LaLiga 2 HD,LA LIGA,LALIGA,1,http://127.0.0.1:6878/ace/getstream?id=5af57417a2d24008861ed25a8a400ac6d5144afb,1
77,2025-07-30 22:47:16.997,DAZN LA LIGA 2 FHD --> ELCANO,DAZN LaLiga 2,DAZN LaLiga 2 HD,DAZN LaLiga 2 HD,LA LIGA,LALIGA,1,http://127.0.0.1:6878/ace/getstream?id=a231b2fa1f7754433efeb8bb8d69d7b9096dcba8,1
78,2025-07-30 22:47:16.997,DAZN LA LIGA 2 SD --> ELCANO,DAZN LaLiga 2,DAZN LaLiga 2 HD,DAZN LaLiga 2 HD,LA LIGA,LALIGA,0,http://127.0.0.1:6878/ace/getstream?id=c976c7b37964322752db562b4ad65515509c8d36,1
79,2025-07-30 22:47:16.997,M+ LALIGA FHD --> NEW ERA VI,M+ LaLiga TV,M+ LaLiga TV HD,M+ LaLiga TV HD,LA LIGA,LALIGA,1,http://127.0.0.1:6878/ace/getstream?id=3965fec90fb8370675889e7d2f0e78888652857f,1
80,2025-07-30 22:47:16.997,M+ LALIGA FHD --> NEW ERA VI,M+ LaLiga TV,M+ LaLiga TV HD,M+ LaLiga TV HD,LA LIGA,LALIGA,1,http://127.0.0.1:6878/ace/getstream?id=6afc8eb425669908813af31ead60ac251545aa6b,1
81,2025-07-30 22:47:16.997,M+ LALIGA --> ELCANO,M+ LaLiga TV,M+ LaLiga TV HD,M+ LaLiga TV HD,LA LIGA,LALIGA,0,http://127.0.0.1:6878/ace/getstream?id=00c9bc9c5d7d87680a5a6bed349edfa775a89947,1
82,2025-07-30 22:47:16.997,M+ LALIGA FHD --> ELCANO,M+ LaLiga TV,M+ LaLiga TV HD,M+ LaLiga TV HD,LA LIGA,LALIGA,1,http://127.0.0.1:6878/ace/getstream?id=c9321006921967d6258df6945f1d598a5c0cbf1e,1
83,2025-07-30 22:47:16.997,M+ LALIGA FHD --> ELCANO,M+ LaLiga TV,M+ LaLiga TV HD,M+ LaLiga TV HD,LA LIGA,LALIGA,1,http://127.0.0.1:6878/ace/getstream?id=4b528d10eaad747ddf52251206177573ee3e9f74,1
84,2025-07-30 22:47:16.997,M+ LALIGA SD --> ELCANO,M+ LaLiga TV,M+ LaLiga TV HD,M+ LaLiga TV HD,LA LIGA,LALIGA,0,http://127.0.0.1:6878/ace/getstream?id=14b6cd8769cd485f2cffdca64be9698d9bfeac58,1
85,2025-07-30 22:47:16.997,M+ LALIGA --> NEW LOOP,M+ LaLiga TV,M+ LaLiga TV HD,M+ LaLiga TV HD,LA LIGA,LALIGA,0,http://127.0.0.1:6878/ace/getstream?id=cc9b7f5fe416069a2110da0909b0f915043c468b,1
86,2025-07-30 22:47:16.997,M+ LALIGA 2 FHD --> ELCANO,M+ LaLiga TV 2,M+ LaLiga TV 2 HD,M+ LaLiga TV 2 HD,LA LIGA,LALIGA,1,http://127.0.0.1:6878/ace/getstream?id=51b363b1c4d42724e05240ad068ad219df8042ec,1
87,2025-07-30 22:47:16.997,M+ LALIGA 2 SD --> ELCANO,M+ LaLiga TV 2,M+ LaLiga TV 2 HD,M+ LaLiga TV 2 HD,LA LIGA,LALIGA,0,http://127.0.0.1:6878/ace/getstream?id=ad42faa399df66dcd62a1cbc9d1c99ed4512d3b8,1
88,2025-07-30 22:47:16.997,M+ LALIGA 3 FHD --> ELCANO,M+ LaLiga TV 3,M+ LaLiga TV 3 HD,M+ LaLiga TV 3 HD,LA LIGA,LALIGA,1,http://127.0.0.1:6878/ace/getstream?id=7ad14386deef2f45ffe17d30a631dbf79b6a1a87,1
89,2025-07-30 22:47:16.997,M+ LALIGA 3 SD --> ELCANO,M+ LaLiga TV 3,M+ LaLiga TV 3 HD,M+ LaLiga TV 3 HD,LA LIGA,LALIGA,0,http://127.0.0.1:6878/ace/getstream?id=382b14499e3d76e557d449d2e5bbc4e4bd63bd39,1
90,2025-07-30 22:47:16.997,LIGA DE CAMPEONES 4K --> NEW ERA,L Campeones 04,M+ Liga de Campeones HDR,M+ Liga de Campeones 4,LIGA DE CAMPEONES,LIGA CAMPEONES,0,http://127.0.0.1:6878/ace/getstream?id=152169ce99e1fd27f2249c18384a121079cdef29,1
91,2025-07-30 22:47:16.997,LIGA DE CAMPEONES FHD --> NEW ERA,L Campeones,M+ Liga de Campeones HD,M+ Liga de Campeones HD,LIGA DE CAMPEONES,LIGA CAMPEONES,1,http://127.0.0.1:6878/ace/getstream?id=778f08cbae9596ed9e8b2ae0af33ee7a6fe24c6a,1
92,2025-07-30 22:47:16.997,LIGA DE CAMPEONES FHD --> NEW ERA,L Campeones,M+ Liga de Campeones HD,M+ Liga de Campeones HD,LIGA DE CAMPEONES,LIGA CAMPEONES,1,http://127.0.0.1:6878/ace/getstream?id=afbf2a479c5a5072698139f0f556ef3e77a99bd0,1
93,2025-07-30 22:47:16.997,LIGA DE CAMPEONES FHD --> NEW ERA,L Campeones,M+ Liga de Campeones HD,M+ Liga de Campeones HD,LIGA DE CAMPEONES,LIGA CAMPEONES,1,http://127.0.0.1:6878/ace/getstream?id=47223e64a576c21bd61e818a42397a753d34fba5,1
94,2025-07-30 22:47:16.997,LIGA DE CAMPEONES FHD --> NEW ERA VI,L Campeones,M+ Liga de Campeones HD,M+ Liga de Campeones HD,LIGA DE CAMPEONES,LIGA CAMPEONES,1,http://127.0.0.1:6878/ace/getstream?id=cb32d1f6259bd731f0d99dde2bee8229e8c0925d,1
95,2025-07-30 22:47:16.997,LIGA DE CAMPEONES FHD --> NEW ERA VI,L Campeones,M+ Liga de Campeones HD,M+ Liga de Campeones HD,LIGA DE CAMPEONES,LIGA CAMPEONES,1,http://127.0.0.1:6878/ace/getstream?id=fe5f7c9f87fc6dbe1c10c67c9b86731ca5f18e10,1
96,2025-07-30 22:47:16.997,LIGA DE CAMPEONES FHD --> ELCANO,L Campeones,M+ Liga de Campeones HD,M+ Liga de Campeones HD,LIGA DE CAMPEONES,LIGA CAMPEONES,1,http://127.0.0.1:6878/ace/getstream?id=97df5b7824948972d041d8ca2a4d29c90b641bc9,1
97,2025-07-30 22:47:16.997,LIGA DE CAMPEONES FHD --> ELCANO,L Campeones,M+ Liga de Campeones HD,M+ Liga de Campeones HD,LIGA DE CAMPEONES,LIGA CAMPEONES,1,http://127.0.0.1:6878/ace/getstream?id=2b51710cee513e8939785fa3e7980f32d4e0415f,1
98,2025-07-30 22:47:16.997,LIGA DE CAMPEONES FHD --> ELCANO,L Campeones,M+ Liga de Campeones HD,M+ Liga de Campeones HD,LIGA DE CAMPEONES,LIGA CAMPEONES,1,http://127.0.0.1:6878/ace/getstream?id=9db029dff6a9c637d1f670e78dbc1a479b9b406e,1
99,2025-07-30 22:47:16.997,LIGA DE CAMPEONES SD --> ELCANO,L Campeones,M+ Liga de Campeones HD,M+ Liga de Campeones HD,LIGA DE CAMPEONES,LIGA CAMPEONES,0,http://127.0.0.1:6878/ace/getstream?id=b028202ff335911db3118bceac027df3e8ef6c32,1
100,2025-07-30 22:47:16.997,LIGA DE CAMPEONES --> NEW LOOP,L Campeones,M+ Liga de Campeones HD,M+ Liga de Campeones HD,LIGA DE CAMPEONES,LIGA CAMPEONES,0,http://127.0.0.1:6878/ace/getstream?id=e572a5178ff72eed7d1d751a18b4b3419699f370,1
101,2025-07-30 22:47:16.997,LIGA DE CAMPEONES --> NEW LOOP,L Campeones,M+ Liga de Campeones HD,M+ Liga de Campeones HD,LIGA DE CAMPEONES,LIGA CAMPEONES,0,http://127.0.0.1:6878/ace/getstream?id=e572a5178ff72eed7d1d751a18b4b3419699f370,1
102,2025-07-30 22:47:16.997,LIGA DE CAMPEONES 2 FHD --> NEW ERA,L Campeones 02,M+ Liga de Campeones 2 HD,M+ Liga de Campeones 2 HD,LIGA DE CAMPEONES,LIGA CAMPEONES,1,http://127.0.0.1:6878/ace/getstream?id=4fc6d0331830ad8743abab2fe2473b63bdfbc49f,1
103,2025-07-30 22:47:16.997,LIGA DE CAMPEONES 2 FHD --> NEW ERA,L Campeones 02,M+ Liga de Campeones 2 HD,M+ Liga de Campeones 2 HD,LIGA DE CAMPEONES,LIGA CAMPEONES,1,http://127.0.0.1:6878/ace/getstream?id=3bb6c5f346369d4f2a6bde45ec0bfe100d0e1f42,1
104,2025-07-30 22:47:16.997,LIGA DE CAMPEONES 2 FHD --> NEW ERA,L Campeones 02,M+ Liga de Campeones 2 HD,M+ Liga de Campeones 2 HD,LIGA DE CAMPEONES,LIGA CAMPEONES,1,http://127.0.0.1:6878/ace/getstream?id=4c6ed0cd87c090f3cf85b2c8adbe8b37dba08565,1
105,2025-07-30 22:47:16.997,LIGA DE CAMPEONES 2 --> ELCANO,L Campeones 02,M+ Liga de Campeones 2 HD,M+ Liga de Campeones 2 HD,LIGA DE CAMPEONES,LIGA CAMPEONES,0,http://127.0.0.1:6878/ace/getstream?id=abdf9058786a48623d0de51a3adb414ae10b6e72,1
106,2025-07-30 22:47:16.997,LIGA DE CAMPEONES 2 FHD --> ELCANO,L Campeones 02,M+ Liga de Campeones 2 HD,M+ Liga de Campeones 2 HD,LIGA DE CAMPEONES,LIGA CAMPEONES,1,http://127.0.0.1:6878/ace/getstream?id=74ab4e4ec7e2da001f473ca40893b7307b8029c5,1
107,2025-07-30 22:47:16.997,LIGA DE CAMPEONES 2 SD --> ELCANO,L Campeones 02,M+ Liga de Campeones 2 HD,M+ Liga de Campeones 2 HD,LIGA DE CAMPEONES,LIGA CAMPEONES,0,http://127.0.0.1:6878/ace/getstream?id=38f7b2044e549df2039ff26cefa6f9a60c854d5e,1
108,2025-07-30 22:47:16.997,LIGA DE CAMPEONES 3 FHD --> NEW ERA,L Campeones 03,M+ Liga de Campeones 3 HD,M+ Liga de Campeones 3 HD,LIGA DE CAMPEONES,LIGA CAMPEONES,1,http://127.0.0.1:6878/ace/getstream?id=17b8bc4bf8e29547b0071c742e3d7da3bcbc484d,1
109,2025-07-30 22:47:16.997,LIGA DE CAMPEONES 3 FHD --> ELCANO,L Campeones 03,M+ Liga de Campeones 3 HD,M+ Liga de Campeones 3 HD,LIGA DE CAMPEONES,LIGA CAMPEONES,1,http://127.0.0.1:6878/ace/getstream?id=4416843c96b7f7a1bc55c476091a60fff0922bc7,1
110,2025-07-30 22:47:16.997,LIGA DE CAMPEONES 3 SD --> ELCANO,L Campeones 03,M+ Liga de Campeones 3 HD,M+ Liga de Campeones 3 HD,LIGA DE CAMPEONES,LIGA CAMPEONES,0,http://127.0.0.1:6878/ace/getstream?id=cfc371890bfb502737a26de5215e50929c52d0f9,1
111,2025-07-30 22:47:16.997,LIGA DE CAMPEONES 4 FHD --> NEW ERA,L Campeones 04,M+ Liga de Campeones 4,M+ Liga de Campeones 4,LIGA DE CAMPEONES,LIGA CAMPEONES,1,http://127.0.0.1:6878/ace/getstream?id=f1219582a3059e7fff2db22e69475c45cbc84356,1
112,2025-07-30 22:47:16.997,DAZN 1 FHD --> NEW ERA,DAZN 1,DAZN 1 HD,DAZN 1 HD,DAZN,DAZN,1,http://127.0.0.1:6878/ace/getstream?id=6538b79ce0da657d8455d1da6a5f342398899a0e,1
113,2025-07-30 22:47:16.997,DAZN 1 FHD --> NEW ERA,DAZN 1,DAZN 1 HD,DAZN 1 HD,DAZN,DAZN,1,http://127.0.0.1:6878/ace/getstream?id=50a8a13c474848d1efbd5586efdb5b6cdd173fa9,1
114,2025-07-30 22:47:16.997,DAZN 1 FHD --> NEW ERA,DAZN 1,DAZN 1 HD,DAZN 1 HD,DAZN,DAZN,1,http://127.0.0.1:6878/ace/getstream?id=4141892f5df7d6474bf0279895ce02b7336c9928,1
115,2025-07-30 22:47:16.997,DAZN 1 FHD --> NEW ERA,DAZN 1,DAZN 1 HD,DAZN 1 HD,DAZN,DAZN,1,http://127.0.0.1:6878/ace/getstream?id=6a1703a6bbe6110a1d27f35a41c88661e1740bfa,1
116,2025-07-30 22:47:16.997,DAZN 1 FHD --> NEW ERA VI,DAZN 1,DAZN 1 HD,DAZN 1 HD,DAZN,DAZN,1,http://127.0.0.1:6878/ace/getstream?id=17c5ec4fd10a186893f9f3d545dfcff95034f972,1
117,2025-07-30 22:47:16.997,DAZN 1 --> ELCANO,DAZN 1,DAZN 1 HD,DAZN 1 HD,DAZN,DAZN,0,http://127.0.0.1:6878/ace/getstream?id=35c7f0c966ecde3390f4510bb4caded40018c07a,1
118,2025-07-30 22:47:16.997,DAZN 1 --> ELCANO,DAZN 1,DAZN 1 HD,DAZN 1 HD,DAZN,DAZN,0,http://127.0.0.1:6878/ace/getstream?id=eb6ffec065b26259ad3d1811e0bbb0a5332ed276,1
119,2025-07-30 22:47:16.997,DAZN 1 --> NEW LOOP,DAZN 1,DAZN 1 HD,DAZN 1 HD,DAZN,DAZN,0,http://127.0.0.1:6878/ace/getstream?id=d5b2c6b940cf3df5e8f9dc6f000f0ea23a10b151,1
120,2025-07-30 22:47:16.997,DAZN 1 BAR FHD --> NEW ERA,DAZN LaLiga,DAZN 1 BAR,DAZN LaLiga HD,DAZN,LALIGA,1,http://127.0.0.1:6878/ace/getstream?id=688e785893b50acc1d00cb37f15bfc42e72f5ae3,1
121,2025-07-30 22:47:16.997,DAZN 1 BAR HD --> NEW ERA,DAZN LaLiga,DAZN 1 BAR,DAZN LaLiga HD,DAZN,LALIGA,0,http://127.0.0.1:6878/ace/getstream?id=97d663cba59ddd8aca032267169019b544dcb8f7,1
122,2025-07-30 22:47:16.997,DAZN 2 FHD --> NEW ERA,DAZN 2,DAZN 2 HD,DAZN 2 HD,DAZN,DAZN,1,http://127.0.0.1:6878/ace/getstream?id=8b081c8afbd9beafc8c5fbf0115eb36eadb07a35,1
123,2025-07-30 22:47:16.997,DAZN 2 FHD --> NEW ERA,DAZN 2,DAZN 2 HD,DAZN 2 HD,DAZN,DAZN,1,http://127.0.0.1:6878/ace/getstream?id=0f5402f75107112d59d924a5f381cfed33dbe6d2,1
124,2025-07-30 22:47:16.997,DAZN 2 --> ELCANO,DAZN 2,DAZN 2 HD,DAZN 2 HD,DAZN,DAZN,0,http://127.0.0.1:6878/ace/getstream?id=ca923c9873fd206a41c1e83ff8fc40e3cf323c9a,1
125,2025-07-30 22:47:16.997,DAZN 2 --> ELCANO,DAZN 2,DAZN 2 HD,DAZN 2 HD,DAZN,DAZN,0,http://127.0.0.1:6878/ace/getstream?id=a929eeec1268d69d1556a2e3ace793b2577d8810,1
126,2025-07-30 22:47:16.997,DAZN 2 --> ELCANO,DAZN 2,DAZN 2 HD,DAZN 2 HD,DAZN,DAZN,0,http://127.0.0.1:6878/ace/getstream?id=ae68a0835039fab28fd2314108fabd4fab33b8ab,1
127,2025-07-30 22:47:16.997,DAZN 2 --> NEW LOOP,DAZN 2,DAZN 2 HD,DAZN 2 HD,DAZN,DAZN,0,http://127.0.0.1:6878/ace/getstream?id=b0eabe0fdd02fdd165896236765a9b753a2ff516,1
128,2025-07-30 22:47:16.997,DAZN 2 BAR FHD --> NEW ERA,DAZN LaLiga 2,DAZN 2 BAR,DAZN LaLiga 2 HD,DAZN,LALIGA,1,http://127.0.0.1:6878/ace/getstream?id=2f9211669499f413dab1a490198afab2a9b4b57c,1
129,2025-07-30 22:47:16.997,DAZN 3 FHD --> NEW ERA,DAZN 3,DAZN 3 HD,DAZN 3 HD,DAZN,DAZN,1,http://127.0.0.1:6878/ace/getstream?id=d641cd0fca0f467b3130754a091e2f4d22e68eb1,1
130,2025-07-30 22:47:16.997,DAZN 3 FHD --> NEW ERA,DAZN 3,DAZN 3 HD,DAZN 3 HD,DAZN,DAZN,1,http://127.0.0.1:6878/ace/getstream?id=3785f04aa15a5e6ef1484f0bea7f4664f2c1a4ea,1
131,2025-07-30 22:47:16.997,DAZN 3 --> NEW LOOP,DAZN 3,DAZN 3 HD,DAZN 3 HD,DAZN,DAZN,0,http://127.0.0.1:6878/ace/getstream?id=d1d9ec2361a6ac8edc0b2841866383768cc28df9,1
132,2025-07-30 22:47:16.997,DAZN 4 FHD --> NEW ERA,DAZN 4,DAZN 4 HD,DAZN 4 HD,DAZN,DAZN,1,http://127.0.0.1:6878/ace/getstream?id=7e27e46c25d4308d16098d9dc67fcd8736e8c1f0,1
133,2025-07-30 22:47:16.997,DAZN 4 FHD --> NEW ERA,DAZN 4,DAZN 4 HD,DAZN 4 HD,DAZN,DAZN,1,http://127.0.0.1:6878/ace/getstream?id=75306ac6ffbe33b08c5c28487674f75f012c7f50,1
134,2025-07-30 22:47:16.997,DAZN 4 --> NEW LOOP,DAZN 4,DAZN 4 HD,DAZN 4 HD,DAZN,DAZN,0,http://127.0.0.1:6878/ace/getstream?id=7e90956539f4e1318a63f3960e4f75c7c7c5a3b8,1
135,2025-07-30 22:47:16.997,DAZN F1 4K --> NEW ERA,,DAZN F1 HD,,FORMULA 1,,0,http://127.0.0.1:6878/ace/getstream?id=7e1523ccfaac00800e67bd0b97c428810104b2b8,0
136,2025-07-30 22:47:16.997,DAZN F1 FHD --> NEW ERA,,DAZN F1 HD,,FORMULA 1,,1,http://127.0.0.1:6878/ace/getstream?id=6422e8bc34282871634c81947be093c04ad1bb29,0
137,2025-07-30 22:47:16.997,DAZN F1 FHD --> NEW ERA,,DAZN F1 HD,,FORMULA 1,,1,http://127.0.0.1:6878/ace/getstream?id=c9c18ae7a9dafba1caae5beb22060f9c92bba553,0
138,2025-07-30 22:47:16.997,DAZN F1 FHD --> NEW ERA,,DAZN F1 HD,,FORMULA 1,,1,http://127.0.0.1:6878/ace/getstream?id=515efd8115482bda8d92aa6df9a882a5e5797494,0
139,2025-07-30 22:47:16.997,DAZN F1 FHD --> NEW ERA,,DAZN F1 HD,,FORMULA 1,,1,http://127.0.0.1:6878/ace/getstream?id=d27584ebe5128c8033cb6fdc806a994fbd17b790,0
140,2025-07-30 22:47:16.997,DAZN F1 FHD --> NEW ERA VI,,DAZN F1 HD,,FORMULA 1,,1,http://127.0.0.1:6878/ace/getstream?id=8b55a528c5cf9f1acd11d942472bdd60926db8ae,0
141,2025-07-30 22:47:16.997,DAZN F1 FHD --> NEW ERA VI,,DAZN F1 HD,,FORMULA 1,,1,http://127.0.0.1:6878/ace/getstream?id=eb3e12408fb7463b4fafe354380f2adf483ea924,0
142,2025-07-30 22:47:16.997,DAZN F1 FHD --> ELCANO,,DAZN F1 HD,,FORMULA 1,,1,http://127.0.0.1:6878/ace/getstream?id=b08e158ea3f5c72084f5ff8e3c30ca2e4d1ff6d1,0
143,2025-07-30 22:47:16.997,DAZN F1 FHD --> ELCANO,,DAZN F1 HD,,FORMULA 1,,1,http://127.0.0.1:6878/ace/getstream?id=bcf9dc38f92e90a71b87bd54b3bac91b76d09a69,0
144,2025-07-30 22:47:16.997,DAZN F1 FHD --> ELCANO,,DAZN F1 HD,,FORMULA 1,,1,http://127.0.0.1:6878/ace/getstream?id=fd53cfa7055fe458d4f5c0ff59a06cd43723be55,0
145,2025-07-30 22:47:16.997,DAZN F1 SD --> ELCANO,,DAZN F1 HD,,FORMULA 1,,0,http://127.0.0.1:6878/ace/getstream?id=ed6188dcbb491efeb2092c1a6199226c27f61727,0
146,2025-07-30 22:47:16.997,HYPERMOTION FHD --> NEW ERA VI,LaLiga TV Hyp,LaLiga TV Hypermotion HD,LaLiga TV Hypermotion HD,HYPERMOTION,SEGUNDA+1RFEF,1,http://127.0.0.1:6878/ace/getstream?id=762b4a6ed2e70441b0374a64f25d8d6571b9fd1f,1
147,2025-07-30 22:47:16.997,HYPERMOTION FHD --> ELCANO,LaLiga TV Hyp,LaLiga TV Hypermotion HD,LaLiga TV Hypermotion HD,HYPERMOTION,SEGUNDA+1RFEF,1,http://127.0.0.1:6878/ace/getstream?id=87bb542f974b6b9e89d0f2e20ed6dc93426f4be0,1
148,2025-07-30 22:47:16.997,HYPERMOTION SD --> ELCANO,LaLiga TV Hyp,LaLiga TV Hypermotion HD,LaLiga TV Hypermotion HD,HYPERMOTION,SEGUNDA+1RFEF,0,http://127.0.0.1:6878/ace/getstream?id=a4f072c9b614323ac1258a175f868a909ea3c8cd,1
149,2025-07-30 22:47:16.997,HYPERMOTION 2 FHD --> ELCANO,LaLiga TV Hyp 2,LaLiga TV Hypermotion 2,LaLiga TV Hypermotion 2,HYPERMOTION,SEGUNDA+1RFEF,1,http://127.0.0.1:6878/ace/getstream?id=709075831bf5c41ed0a20dfbd640aab6c28971f8,1
150,2025-07-30 22:47:16.997,HYPERMOTION 3 --> ELCANO,LaLiga TV Hyp 3,LaLiga TV Hypermotion 3,LaLiga TV Hypermotion 3,HYPERMOTION,SEGUNDA+1RFEF,0,http://127.0.0.1:6878/ace/getstream?id=778d2f60bb7207addedcca0b9aed98f41529724e,1
151,2025-07-30 22:47:16.997,COPA DEL REY --> ELCANO,M+ Copa del Rey,M+ Copa del Rey,M+ Copa del Rey,COPA DEL REY,M+ COPA,0,http://127.0.0.1:6878/ace/getstream?id=b51f2d9a15b6956a44385b6be531bcabeb099d9d,1
152,2025-07-30 22:47:16.997,EUROSPORT 1 FHD --> NEW ERA,,Eurosport 1 HD,,EUROSPORT,,1,http://127.0.0.1:6878/ace/getstream?id=bae98f69fbf867550b4f73b4eb176dae84d7f909,0
153,2025-07-30 22:47:16.997,EUROSPORT 1 FHD --> NEW ERA,,Eurosport 1 HD,,EUROSPORT,,1,http://127.0.0.1:6878/ace/getstream?id=714e14e6d6e27660fd25a75b57b0ac5580fe705d,0
154,2025-07-30 22:47:16.997,EUROSPORT 1 FHD --> NEW ERA VI,,Eurosport 1 HD,,EUROSPORT,,1,http://127.0.0.1:6878/ace/getstream?id=0ac6524dd3c35ae5fc76e0cfa4faeed4d6ef6df4,0
155,2025-07-30 22:47:16.997,EUROSPORT 1 --> ELCANO,,Eurosport 1 HD,,EUROSPORT,,0,http://127.0.0.1:6878/ace/getstream?id=16ffa1713f42aa27317ee039a2bd0cdbc89a1580,0
156,2025-07-30 22:47:16.997,EUROSPORT 1 FHD --> ELCANO,,Eurosport 1 HD,,EUROSPORT,,1,http://127.0.0.1:6878/ace/getstream?id=c3da6c4f91d9d10ade00318a869435e19f204d0e,0
157,2025-07-30 22:47:16.997,EUROSPORT 1 SD --> ELCANO,,Eurosport 1 HD,,EUROSPORT,,0,http://127.0.0.1:6878/ace/getstream?id=d830c1dc3b74e74f79cbb823804cf2037857e78a,0
158,2025-07-30 22:47:16.997,EUROSPORT 1 HD --> NEW LOOP,,Eurosport 1 HD,,EUROSPORT,,0,http://127.0.0.1:6878/ace/getstream?id=cfa75ade53810dac64411b22d56c3d4582a221d3,0
159,2025-07-30 22:47:16.997,EUROSPORT 2 FHD --> NEW ERA,,Eurosport 2,,EUROSPORT,,1,http://127.0.0.1:6878/ace/getstream?id=dc4ccb9e72550bc72be9360aa7d77e337ad11ecc,0
160,2025-07-30 22:47:16.997,EUROSPORT 2 FHD --> NEW ERA,,Eurosport 2,,EUROSPORT,,1,http://127.0.0.1:6878/ace/getstream?id=2773b39926d15dd3d9495d94c4050604792d7031,0
161,2025-07-30 22:47:16.997,EUROSPORT 2 FHD --> ELCANO,,Eurosport 2,,EUROSPORT,,1,http://127.0.0.1:6878/ace/getstream?id=0585e09bb8ac9720e4c11934f1b184e309291551,0
162,2025-07-30 22:47:16.997,EUROSPORT 2 SD --> ELCANO,,Eurosport 2,,EUROSPORT,,0,http://127.0.0.1:6878/ace/getstream?id=5c910d614894635153a7d42de98cc2e4a958a53f,0
163,2025-07-30 22:47:16.997,BEIN SPORTS 1 FHD --> NEW ERA,,FR | beIN SPORTS 1,,FUTBOL INT,,1,http://127.0.0.1:6878/ace/getstream?id=eb882a774ddf9f4cf83f3d50fc9a8d3c629f6659,0
164,2025-07-30 22:47:16.997,BEIN SPORTS 1 --> NEW LOOP,,FR | beIN SPORTS 1,,FUTBOL INT,,0,http://127.0.0.1:6878/ace/getstream?id=bba1905fcd1c4975aec544047bf8e4cd23ce3fe0,0
165,2025-07-30 22:47:16.997,BEIN SPORTS 2 --> NEW LOOP,,FR | beIN SPORTS 2,,FUTBOL INT,,0,http://127.0.0.1:6878/ace/getstream?id=edb507e38394d614c9ff55805c9d354ae13210bc,0
166,2025-07-30 22:47:16.997,BEIN SPORTS 3 FHD --> NEW ERA,,FR | beIN SPORTS 3,,FUTBOL INT,,1,http://127.0.0.1:6878/ace/getstream?id=ea6dd2fbd792fe4fb5d372f5d8b84d03792e6e7a,0
167,2025-07-30 22:47:16.997,BEIN SPORTS 3 --> NEW LOOP,,FR | beIN SPORTS 3,,FUTBOL INT,,0,http://127.0.0.1:6878/ace/getstream?id=731bd3336ec0986ff9100efe40dbaf1473a22cf8,0
168,2025-07-30 22:47:16.997,BT SPORT 1 [UK] --> NEW LOOP,,UK | TNT Sports 1,,FUTBOL INT,,0,http://127.0.0.1:6878/ace/getstream?id=fc5089d8e1519872fdf951779ccbca913acc9bce,0
169,2025-07-30 22:47:16.997,BT SPORT 1 [UK] --> NEW LOOP,,UK | TNT Sports 1,,FUTBOL INT,,0,http://127.0.0.1:6878/ace/getstream?id=fc5089d8e1519872fdf951779ccbca913acc9bce,0
170,2025-07-30 22:47:16.997,BT SPORT 1 [UK] --> NEW LOOP,,UK | TNT Sports 1,,FUTBOL INT,,0,http://127.0.0.1:6878/ace/getstream?id=efc60cfe5e3a349baa02bcc49f6647c21a9c3c5b,0
171,2025-07-30 22:47:16.997,BT SPORT 2 [UK] --> NEW LOOP,,UK | TNT Sports 2,,FUTBOL INT,,0,http://127.0.0.1:6878/ace/getstream?id=d63d8a57cf471394bfa9f619bbd68b01ae27a801,0
172,2025-07-30 22:47:16.997,BT SPORT 3 [UK] --> NEW LOOP,,UK | TNT Sports 3,,FUTBOL INT,,0,http://127.0.0.1:6878/ace/getstream?id=5f966c123759de46dff29c379266b7a403452033,0
173,2025-07-30 22:47:16.997,ELEVEN DAZN 1 --> NEW LOOP,ELEVEN DAZN 1,PT | DAZN 1,PT | DAZN 1,FUTBOL INT,VARIOS,0,http://127.0.0.1:6878/ace/getstream?id=36cad67fed5a739757a9db844a551aa845a8d51b,1
174,2025-07-30 22:47:16.997,ELEVEN DAZN 2 --> NEW LOOP,ELEVEN DAZN 2,PT | DAZN 2,PT | DAZN 2,FUTBOL INT,VARIOS,0,http://127.0.0.1:6878/ace/getstream?id=d08013df6e437a1fdf1e0c34f573fdf6a40c7fce,1
175,2025-07-30 22:47:16.997,ELEVEN DAZN 3 --> NEW LOOP,ELEVEN DAZN 3,PT | DAZN 3,PT | DAZN 3,FUTBOL INT,VARIOS,0,http://127.0.0.1:6878/ace/getstream?id=dae7d1251f069516cc0a9c8f15f6639d2a17df1e,1
176,2025-07-30 22:47:16.997,ELEVEN DAZN 4 --> NEW LOOP,ELEVEN DAZN 4,PT | DAZN 4,PT | DAZN 4,FUTBOL INT,VARIOS,0,http://127.0.0.1:6878/ace/getstream?id=0f32c0131a2d9444996410801f4e18b04384db98,1
177,2025-07-30 22:47:16.997,ELEVEN DAZN 5 --> NEW LOOP,ELEVEN DAZN 5,PT | DAZN 5,PT | DAZN 5,FUTBOL INT,VARIOS,0,http://127.0.0.1:6878/ace/getstream?id=4dbe63b44fc4f439f5b634c0d2aa7e0cccad808a,1
178,2025-07-30 22:47:16.997,ELEVEN DAZN 6 --> NEW LOOP,ELEVEN DAZN 6,PT | DAZN 6,PT | DAZN 6,FUTBOL INT,VARIOS,0,http://127.0.0.1:6878/ace/getstream?id=50b6d2b5fd59fefb9f4fd2176994d418f2b94a80,1
179,2025-07-30 22:47:16.997,ESPN2 [US] --> NEW LOOP,,ESPN 2,,FUTBOL INT,,0,http://127.0.0.1:6878/ace/getstream?id=664eb5fe460b96941aed633959a845b185cd8394,0
180,2025-07-30 22:47:16.997,ESPN 2 [BE] --> NEW LOOP,,ESPN.2.nl,,FUTBOL INT,,0,http://127.0.0.1:6878/ace/getstream?id=3e0ba6867173f345d482d80c771f1a5dc3b37e63,0
181,2025-07-30 22:47:16.997,ESPN 4 [BE] --> NEW LOOP,,ESPN.4.nl,,FUTBOL INT,,0,http://127.0.0.1:6878/ace/getstream?id=5f9b19c57195cc28ab81e0ec8cad03b55118687a,0
182,2025-07-30 22:47:16.997,ESPN [BE] --> NEW LOOP,,ESPN.1.nl,,FUTBOL INT,,0,http://127.0.0.1:6878/ace/getstream?id=79f10c6c6168e42bfc606f3f7b9e5f3ca79dedab,0
183,2025-07-30 22:47:16.997,ESPN HD [US] --> NEW LOOP,,ESPN,,FUTBOL INT,,0,http://127.0.0.1:6878/ace/getstream?id=4b4907de51ec11087d4bed5876f2a0c68264f442,0
184,2025-07-30 22:47:16.997,PREMIER SPORTS 1 --> NEW LOOP,,UK | Premier Sports 1,,FUTBOL INT,,0,http://127.0.0.1:6878/ace/getstream?id=75a56863b6fe0407ad4305b4d7ee5643c3923565,0
185,2025-07-30 22:47:16.997,PREMIER SPORTS 2 --> NEW LOOP,,UK | Premier Sports 2,,FUTBOL INT,,0,http://127.0.0.1:6878/ace/getstream?id=4903ca695edb64bc72ae29eb85a5333ba0139537,0
186,2025-07-30 22:47:16.997,SKY SPORTS FOOTBALL --> NEW LOOP,,UK | Sky Sport Football,,FUTBOL INT,,0,http://127.0.0.1:6878/ace/getstream?id=8dbe2d515e9131fa311353537736f8c94be9b26d,0
187,2025-07-30 22:47:16.997,SKY SPORTS MAIN EVENT --> NEW LOOP,,UK | Sky Sport Main Event,,FUTBOL INT,,0,http://127.0.0.1:6878/ace/getstream?id=eab7aeef0218ce8b0752e596e4792b69eda4df5e,0
188,2025-07-30 22:47:16.997,ZIGGO SPORT --> NEW LOOP,,Ziggo.Sport.nl,,FUTBOL INT,,0,http://127.0.0.1:6878/ace/getstream?id=fcd7621df513f600652b4813d5d8fd1daed60058,0
189,2025-07-30 22:47:16.997,ZIGGO SPORT 2 --> NEW LOOP,,Ziggo.Sport.2.nl,,FUTBOL INT,,0,http://127.0.0.1:6878/ace/getstream?id=868a6187d6aeec65ded84bd777814c9f7b7a9027,0
190,2025-07-30 22:47:16.997,ZIGGO SPORT 6 --> NEW LOOP,,Ziggo.Sport.6.nl,,FUTBOL INT,,0,http://127.0.0.1:6878/ace/getstream?id=9231f38e71a85ad24b4c11a5e360992e30c916ed,0
191,2025-07-30 22:47:16.997,CANAL MOTOR --> NEW LOOP,,,,MOTOR,,0,http://127.0.0.1:6878/ace/getstream?id=35e17cc84abc5e393b5acd688536a9681105f2d5,0
192,2025-07-30 22:47:16.997,MOTORS TV HD --> NEW LOOP,,,,MOTOR,,0,http://127.0.0.1:6878/ace/getstream?id=442aeb6643b8836f9d00361c9e48eeb0841ddf98,0
193,2025-07-30 22:47:16.997,RALLY TV --> NEW ERA III,,DE | Rally TV,,MOTOR,,0,http://127.0.0.1:6878/ace/getstream?id=8e96e35afd910d1a056dc7bf25139b8e2849b2ea,0
194,2025-07-30 22:47:16.997,RETROVISION MOTOR --> NEW LOOP,,,,MOTOR,,0,http://127.0.0.1:6878/ace/getstream?id=b8b8c4470d3d27c75302cf49ab6c4b52a660bff3,0
195,2025-07-30 22:47:16.997,ANTENA 3 FHD --> NEW ERA,,Antena 3 HD,,TDT,,1,http://127.0.0.1:6878/ace/getstream?id=390b5b0fc49a811c5c5ebd6d195b08a48b1e8496,0
196,2025-07-30 22:47:16.997,CUATRO FHD --> NEW ERA,,Cuatro HD,,TDT,,1,http://127.0.0.1:6878/ace/getstream?id=18f63b299de66029e17dc35e12f6c244e1979a91,0
197,2025-07-30 22:47:16.997,CUATRO FHD --> ELCANO,,Cuatro HD,,TDT,,1,http://127.0.0.1:6878/ace/getstream?id=8670df538a11c6ec97b3f634981ddc4409ca0333,0
198,2025-07-30 22:47:16.997,GOL PLAY FHD --> NEW ERA,,GOL PLAY,,TDT,,1,http://127.0.0.1:6878/ace/getstream?id=b2d560741c006fc5e4a42412bb52dbd25a6a4a3a,0
199,2025-07-30 22:47:16.997,LA 1 FHD --> NEW ERA,,La 1 HD,,TDT,,1,http://127.0.0.1:6878/ace/getstream?id=8bdd29882fa2c2f9fe49e67b102934c9e293f5a5,0
200,2025-07-30 22:47:16.997,LA 2 FHD --> NEW ERA,,La 2,,TDT,,1,http://127.0.0.1:6878/ace/getstream?id=fc36c7249aef74e3ea579500efdfd7a98d8e9ac5,0
201,2025-07-30 22:47:16.997,LA SEXTA FHD --> NEW ERA,,La Sexta HD,,TDT,,1,http://127.0.0.1:6878/ace/getstream?id=1c6486082949172d1ffd318db8fb965dd5af7e31,0
202,2025-07-30 22:47:16.997,TELECINCO FHD --> NEW ERA,,Telecinco HD,,TDT,,1,http://127.0.0.1:6878/ace/getstream?id=6d2af61410d7fb6ed46fc7fe0c199951389bf75b,0
203,2025-07-30 22:47:16.997,TELECINCO FHD --> NEW ERA,,Telecinco HD,,TDT,,1,http://127.0.0.1:6878/ace/getstream?id=5133d1e8f45095f0b7dabbd78db0ce19a496f7bf,0
204,2025-07-30 22:47:16.997,TELECINCO FHD --> ELCANO,,Telecinco HD,,TDT,,1,http://127.0.0.1:6878/ace/getstream?id=3d376333ee90d6db3d413fc5764ef635882076f5,0
205,2025-07-30 22:47:16.997,TELEDEPORTE FHD --> NEW ERA,,Teledeporte,,TDT,,1,http://127.0.0.1:6878/ace/getstream?id=138b30c93e8a780ac490a4f6d2181c41f3670230,0
206,2025-07-30 22:47:16.997,TELEDEPORTE FHD --> NEW ERA,,Teledeporte,,TDT,,1,http://127.0.0.1:6878/ace/getstream?id=bdc32e0f99653f96e0e1a3b98c88764b631ed9ef,0
207,2025-07-30 22:47:16.997,DAZN EVENTOS 1 --> NEW ERA,,,,EVENTOS,,0,http://127.0.0.1:6878/ace/getstream?id=176f0b8565a161f87c81a4a250463e3eaf678fb5,0
208,2025-07-30 22:47:16.997,DAZN EVENTOS 2 --> NEW ERA,,,,EVENTOS,,0,http://127.0.0.1:6878/ace/getstream?id=8bdeb6055da0be3bd1e1977dbf3640408f7d0267,0
209,2025-07-30 22:47:16.997,DAZN EVENTOS 3 --> NEW ERA,,,,EVENTOS,,0,http://127.0.0.1:6878/ace/getstream?id=4b048bcfaed7daec454e88f0e29b56756300447d,0
210,2025-07-30 22:47:16.997,UFC EVENTOS 1,,,,EVENTOS,,0,http://127.0.0.1:6878/ace/getstream?id=9efe41de7f5dcafc9395591feb959832e09683ff,0
211,2025-07-30 22:47:16.997,CANAL 1 (1RFEF) (SOLO EVENTOS) --> NEW ERA V,1RFEF canal 1,Canal 1 (1RFEF),no_disponible,1RFEF,SEGUNDA+1RFEF,0,http://127.0.0.1:6878/ace/getstream?id=c1ee6e1e0ef5928d8261f855c417de21794f437d,1
212,2025-07-30 22:47:16.997,CANAL 2 (1RFEF) (SOLO EVENTOS) --> NEW ERA V,1RFEF canal 2,Canal 2 (1RFEF),no_disponible,1RFEF,SEGUNDA+1RFEF,0,http://127.0.0.1:6878/ace/getstream?id=8677d339ecddd75165c0015025f598b6215974cf,1
213,2025-07-30 22:47:16.997,BUNDESLIGA 1 FHD --> NEW ERA,,DE | Sky Sport Bundesliga 1,,BUNDESLIGA,,1,http://127.0.0.1:6878/ace/getstream?id=cb18d080d81f7fccf26b7723ce6a5d86d31220db,0
214,2025-07-30 22:47:16.997,BUNDESLIGA 2 FHD --> NEW ERA,,DE | Sky Sport Bundesliga 2,,BUNDESLIGA,,1,http://127.0.0.1:6878/ace/getstream?id=d4f56cda0a15f47e7820daaac8e37b4d67d9c918,0
215,2025-07-30 22:47:16.997,BUNDESLIGA 3 FHD --> NEW ERA,,DE | Sky Sport Bundesliga 3,,BUNDESLIGA,,1,http://127.0.0.1:6878/ace/getstream?id=692d6a47ba99fbfc67fa947e468e859c7f2b9564,0
216,2025-07-30 22:47:16.997,CANAL EVENTOS UFC - FOXSPORTS PREMIUNMX --> NEW ERA,,,,OTROS,,0,http://127.0.0.1:6878/ace/getstream?id=04d8f9a91f551adb9cccbcdd478cffa5b24a6772,0
217,2025-07-30 22:47:16.997,ESPORT 3 FHD --> NEW ERA,,,,OTROS,,1,http://127.0.0.1:6878/ace/getstream?id=181fcc443b953d54b00a1bf6320ccbb097e85d64,0
218,2025-07-30 22:47:16.997,MOTORVISION --> NEW LOOP,,Motorvision tv,,OTROS,,0,http://127.0.0.1:6878/ace/getstream?id=9c75e6ed0671eec6670cb2eabcc7d78267c7f404,0
219,2025-07-30 22:47:16.997,NBA TV --> NEW ERA,,,,OTROS,,0,http://127.0.0.1:6878/ace/getstream?id=7acefb808a6c67d95e977b452d53070947bd072b,0
220,2025-07-30 22:47:16.997,ONETORO (SOLO EVENTOS)--> NEW ERA III,,,,OTROS,,0,http://127.0.0.1:6878/ace/getstream?id=877eceeaf9f3bd9b392359323d03d0ac3bb27312,0
221,2025-07-30 22:47:16.997,SKY SPORTS ARENA --> NEW LOOP,,UK | Sky Sport Arena,,OTROS,,0,http://127.0.0.1:6878/ace/getstream?id=d317a003e8047da2c36a2a2bb2289578c9a3b79c,0
222,2025-07-30 22:47:16.997,SKY SPORTS CRICKET --> NEW LOOP,,UK | Sky Sport Cricket,,OTROS,,0,http://127.0.0.1:6878/ace/getstream?id=6d95e4b0893e155cc674b84e0763150c445d3ddd,0
223,2025-07-30 22:47:16.997,SUPERTENNIS HD --> NEW LOOP,,,,OTROS,,0,http://127.0.0.1:6878/ace/getstream?id=b58dbf92765976b308695f62dea94b00b40730ee,0
224,2025-07-30 22:47:16.997,TENNIS CHANNEL HD --> NEW LOOP,,Tennis Channel,,OTROS,,0,http://127.0.0.1:6878/ace/getstream?id=039fae21c9e7e5214d3d898cba80863e37e623ac,0
225,2025-07-30 22:47:16.997,TEST --> NEW ERA VII,,,,OTROS,,0,http://127.0.0.1:6878/ace/getstream?id=0000000000000000000000000000000000000000,0
226,2025-07-30 22:47:16.997,TNT SPORTS HD --> NEW ERA,,,,OTROS,,0,http://127.0.0.1:6878/ace/getstream?id=5ccaf1da1ab3972502f2b35e581d7ab2f9b4965e,0
227,2025-07-30 22:47:16.997,TR: S SPORT 1 HD --> NEW ERA,,,,OTROS,,0,http://127.0.0.1:6878/ace/getstream?id=3f23e772f30c5f127609cbef8aa904219b63caef,0
228,2025-07-30 22:47:16.997,UFC 317 ESPN --> NEW ERA,,,,OTROS,,0,http://127.0.0.1:6878/ace/getstream?id=f3fdef8de18c33683856c1eb9240f696f43f2e28,0
229,2025-07-30 22:47:16.997,UFC FIGHT PASS --> NEW ERA,,,,OTROS,,0,http://127.0.0.1:6878/ace/getstream?id=0ce88d9e7273fddbc9b49f578b6b255513697139,0
